card_id,title,price_primary,price_history,location,labels,description,vehicle_history,comment,scrap_date,source_id,dl_loaded_date
2319342M,2023 Hyundai Elantra SEL,"$24,144","2/09/23: $28,799 | 2/24/23: $26,488 | 3/11/23: $25,299 | 3/31/23: $24,699 | 4/20/23: $24,144","2995 US-1 St Augustine, FL 32086",Good Deal|Home Delivery|Virtual Appointments|VIN: KMHLM4AG7PU449811,"2023, IVT, 2.0L I4 16V MPFI DOHC, Gasoline, 2 955 mi. | sedan, Front-wheel Drive, Intense Blue",Accidents or damage: None reported | 1-owner vehicle: Yes | Personal use only: Yes,"CARFAX One-Owner. Clean CARFAX. Certified. EXCLUSIVE BEAVER CERTIFIED 7Year/100,000 Powertrain and 12 mos/12,000 mile Bumper to Bumper Included, Bluetooth Handsfree, NO ACCIDENTS ON CARFAX REPORT, BEAVER CERTIFIED7 YEAR/100K MILE WARRANTY$0 DEDUCTIBLEBUY WITH PEACE OF MIND, Rear View Camera, One|…|Owner, NONSmoker, Local Trade, Fresh Oil Change, Passed Beaver Certified Multi Point Inspection, Passed Dealership Inspection, Freshly Detailed. 30/40 City/Highway MPG Intense Blue 2023 Hyundai Elantra SEL FWD I4 We provide you with world class service using the most advanced technology to service your car, by our friendly and compassionate team of sales specialists! Our Sales team consists of individuals handpicked to deliver a sales experience like no other. We want your experience to be unique and cater to your individuality. Our Sales team is committed to providing this experience! We want you to know were listening, so please, feel free to always let us know how we can better serve you, or merely to express how unique your experience was here at Beaver Toyota!! Certification Program Details: EXCLUSIVE BEAVER CERTIFIED WARRANTY includes 7 Year/100,000 Miles Powertrain Coverage 12 Months/12,000 Bumper to Bumper Coverage Intense Blue 2023 Beaver Hyundai Elantra SEL is a 4D Sedan FWD . This Florida Sedan has an I4 engine. Call right now and schedule a test drive. Ask for stock number 2319342M, the Florida 2023 Beaver Hyundai Elantra . Shop Us Online at www.beavertoyotastaugustine.com. Serving Jacksonville, Palm Coast, Daytona, Gainesville and St Augustine. Beaver Toyota St Augustine on 2995 US Hwy 1 South in St Augustine.",2023-05-01T08:05:23.000Z,cars.com scrapper,2023-05-03T22:26:45.376Z
KU4060P,2023 Kia Sportage LX,"$27,688","4/19/23: $28,888 | 4/26/23: $27,688","1720 E Jericho Turnpike Huntington, NY 11743",Good Deal|CPO Warrantied|Home Delivery|Virtual Appointments|VIN: KNDPUCAF4P7040767|Included warranty,"2023, Automatic, 2.5L I4 16V PDI DOHC, Gasoline, 11 517 mi. | suv, All-wheel Drive, Snow White Pearl",Accidents or damage: None reported | 1-owner vehicle: Yes | Personal use only: Yes,"Factory Certified Thank you for choosing Kia of Huntington! This Snow White Pearl 2023 Kia Sportage LX is a great choice! Call 631-215-3813 to schedule your VIP test drive today! No Accidents! One Owner! Introducing the Certified 2023 Kia Sportage LX, now available at Kia of Huntington! This versa|…|tile and stylish compact SUV offers an impressive blend of comfort, advanced technology, and performance, making it a top choice for buyers seeking a reliable and feature-rich vehicle. Exterior: The captivating Steel Gray exterior is beautifully complemented by 17-inch alloy wheels and LED headlights with auto light control, providing excellent visibility in various conditions. The power-folding side mirrors with integrated turn signals and roof rails add both convenience and functionality to your daily drives. Interior: Step inside the comfortable and spacious cabin, featuring premium cloth-trimmed seats, a 6-way adjustable driver's seat, and 60/40 split-folding rear seats that offer ample cargo space. The dual-zone automatic climate control ensures a comfortable environment for all passengers, no matter the weather outside. Technology: Stay connected and entertained with the user-friendly 8-inch touchscreen infotainment system, complete with Apple CarPlay, Android Auto, and Bluetooth connectivity for seamless integration of your smartphone. The 6-speaker audio system delivers clear and crisp sound, while the built-in rearview camera makes parking and maneuvering in tight spaces a breeze. Safety: Drive with confidence, knowing that the 2023 Kia Sportage LX is equipped with an array of safety features, including Forward Collision-Avoidance Assist, Lane Keeping Assist, and Driver Attention Warning. These advanced systems work together to provide a safer driving experience for you and your passengers. Performance: Powered by a 2.4-liter inline-4 engine, the Kia Sportage LX offers a smooth and responsive driving experience. The 6-speed automatic transmission with",2023-05-01T08:03:17.000Z,cars.com scrapper,2023-05-03T22:26:45.376Z
B25522T,2023 Honda Accord EX,"$28,500","3/31/23: $33,000 | 4/04/23: $32,500 | 4/09/23: $32,000 | 4/10/23: $31,500 | 4/14/23: $31,000 | 4/20/23: $30,000 | 4/22/23: $29,000 | 4/26/23: $28,500","57-02 Northern Blvd Woodside, NY 11377",Good Deal|CPO Warrantied|Home Delivery|Virtual Appointments|VIN: 1HGCY1F39PA005846|Included warranty,"2023, Automatic CVT, 1.5L I4 16V DOHC, Gasoline, 1 252 mi. | sedan, Front-wheel Drive, White",Accidents or damage: None reported | 1-owner vehicle: Yes | Personal use only: Yes,"2023 Honda EX White 182 POINT INSPECTION, ALL FLUIDS TOPPED OFF, ALL FILTERS NEW, NEW WIPERS, PROFESSIONALLY DETAILED, BACKUP CAMERA, BLUETOOTH, SUNROOF, HEATED SEATS, USB PORT, ONE OWNER CLEAN CARFAX, Gray w/Fabric Seat Trim. Accord Vehicle Location: 55-02 Northern Blvd, Woodside NY 11377|…|. ONLINE SPECIAL PRICING Paragon Honda is excited to offer this superb 2023 Honda Accord finished in White. MUST PRINT OUT ADVERTISITED PRICE AND PROVIDE TO DEALER TO QUALIFY FOR SPECIAL ONLINE SALE PRICE Certified. CVT Certification Program Details: Type your description here The displayed Pre-Owned vehicles are in limited quantities, unique and often are one of a kind based on the specific vehicles options, colors and mileage. These vehicles are offered on a first come first served basis and subject to prior sales. It should be understood that the displayed vehicles are a sampling of what may be available, not every vehicle will be continuously at all times and for every consumer, and often additional like vehicles will be able and not yet posted. Due to the high for our individually selected vehicle inventory, there may be times that an individual vehicle is no longer available at the time you arrive at the dealership. This is due to a time delay between posting the vehicles, its actual sale and delivery and removal form the website. Posting, sale and delivery of all preowned vehicles is an evolving process. Sometimes displayed vehicles may still not be available for a variety of reason, such as subject to prior sales, removal and transport elsewhere, awaiting titles and ownership confirmation. To better insure the specific vehicles availability, you should contact the dealership to confirm its present availability .",2023-05-01T08:04:24.000Z,cars.com scrapper,2023-05-03T22:26:45.376Z
21090M,2023 Mazda CX-30 2.5 S Preferred Package,"$29,776","4/10/23: $30,991 | 4/16/23: $29,776","1214 Fortress Blvd. Murfreesboro, TN 37128",Great Deal | $710 under|Home Delivery|Virtual Appointments|VIN: 3MVDMBCM6PM507085,"2023, 6-Speed Automatic, 2.5L I4 16V, Gasoline, 1 613 mi. | suv, All-wheel Drive, Jet Black Mica",Accidents or damage: None reported | 1-owner vehicle: Yes | Personal use only: Yes,"2023 Mazda CX-30 2.5 S Preferred Package Jet Black Mica AWD 6-Speed Automatic SKYACTIV 2.5L 4-Cylinder DOHC 16V LEATHER SEATS, HEATED SEATS, Aluminum Wheels, Power Package, Premium Sound Package, Safety Package, Bluetooth, Alloy Wheels, Backup Camera. We designed the Nelson Difference to mak|…|e a believer out of you, to demonstrate that car buying really can be as much fun as owning one. You can come in for a test drive or schedule in-home delivery, a personalized video walkaround, or start your deal online with BuyNow by Nelson. Call us for more details! Car buying made easy: It's the Nelson Difference! Come in today to experience shopping the way it should be: non-commission Client Advisors, no-hassle return policy, coverage for the unexpected, and upfront pricing. Disclaimer: Free Home Delivery available within 50 miles. Additional distance fees calculated based on location. See dealer for complete details. Tax, Title Tags, and $697 dealer processing fee are not included in vehicle prices shown and must be paid by the purchaser. While great effort is made to ensure the accuracy of the information on this site, errors do occur so please verify information with a customer service rep. Nelson Mazda is here to answer all of your questions and help facilitate a fun car buying experience. Give our sales team a call to reserve a test drive or start your deal from the comfort of your home.",2023-05-01T08:06:31.000Z,cars.com scrapper,2023-05-03T22:26:45.376Z
SBV306B,2023 Nissan Kicks SV,"$23,973","","3404 S. Speedway Drive Gilbert, AZ 85297","Great Deal | $1,013 under|Home Delivery|Virtual Appointments|VIN: 3N1CP5CVXPL476348","2023, Automatic CVT, 1.6L I4 16V MPFI DOHC, Gasoline, 5 561 mi. | suv, Front-wheel Drive, 2 Tone Blue / Black",Accidents or damage: None reported | 1-owner vehicle: Yes | Personal use only: Yes,"BILL LUKE CERTIFIED!! ONE OWNER, LOW MILES, EXTERIOR PACKAGE, INTERIOR ELECTRONICS PACKAGE, REMOTE KEYLESS ENTRY WITH PUSH BUTTON START, 8 TOUCHSCREEN DISPLAY, BACKUP CAMERA WITH REAR PARKING SENSORS, BLIND SPOT MONITORS WITH REAR CROSS TRAFFIC ALERT, FORWARD COLLISION WARNING, LANE DEPARTURE WARNIN|…|G, ADAPTIVE CRUISE CONTROL, APPLE CARPLAY, GOOGLE ANDROID AUTO, STEERING WHEEL CONTROLS AND BLUETOOTH CONNECTION!! Certified. Electric Blue Metallic 2023 Nissan Kicks SV FWD CVT with Xtronic 1.6L 4-Cylinder DOHC 16V This vehicle is Certified by Bill Luke! Bill Luke Certified vehicles are backed by a 3 month/3000 mile limited powertrain warranty and a 48 hour/120 mile buyback guarantee! Bill Luke Santan is a family owned and operated business that has done business the right way since 1927. You can buy with confidence! Unlike some of our competitors, our RECONDITIONING COSTS are INCLUDED in the sales price. Bill Luke Santan's price is based on Kelley Blue Book Price AdvisorTM - which allows you to see what other Arizona residents have paid for the same year, make and model of vehicle while considering vehicle mileage. See dealer for details or visit www.billlukesantan.com to see the difference for yourself! Recent Arrival! 31/36 City/Highway MPG Certification Program Details: This vehicle is Certified by Bill Luke! Bill Luke Certified vehicles are backed by a 3 month/3000 mile limited powertrain warranty and a 48 hour/120 mile buyback guarantee!",2023-05-01T08:03:28.000Z,cars.com scrapper,2023-05-03T22:26:45.376Z
PA250875,2023 Hyundai Sonata SEL,"$28,990","","6780 Airport Pulling Rd N Naples, FL 34109","Great Deal | $2,365 under|Home Delivery|Virtual Appointments|VIN: KMHL64JA3PA250875","2023, Automatic, 2.5L I4 16V PDI DOHC, Gasoline, 10 077 mi. | sedan, Front-wheel Drive, Hampton Gray",Accidents or damage: None reported | 1-owner vehicle: Yes | Personal use only: Yes,"CARFAX One-Owner. Clean CARFAX.2023 Hyundai Sonata Hampton Gray 4D Sedan SEL FWD 8-Speed Automatic with SHIFTRONIC 2.5L I4 BLUE TOOTH HANDS FREE, BACK UP CAMERA, PUSH BUTTON START, SMART KEY, Android Auto & Apple CarPlay, Dark Gray Cloth.27/37 City/Highway MPGBuy With Confidence at Tamiami Hyundai I|…|n Beautiful Naples Florida. Tamiami Hyundai Certified Pre-Owned 72 Hour Exchange Policy Free Roadside Assistance / Towing. WE DELIVER TO YOUR HOME OR OFFICE !! 72 Hour Return Policy: Must be within 72 hours and under 300 miles of delivery, customer is responsible for any damage to the vehicle. Price Plus Tax, Registration Fees, Dealer Services, Dealer installed Items, & Dealer Preformed Service/Reconditioning.",2023-05-01T08:06:05.000Z,cars.com scrapper,2023-05-03T22:26:45.376Z
J742A,2023 Kia Sportage LX,"$25,477","2/28/23: $27,477 | 3/09/23: $27,277 | 3/10/23: $27,777 | 3/17/23: $27,677 | 3/29/23: $27,577 | 4/01/23: $27,377 | 4/08/23: $26,977 | 4/12/23: $26,477 | 4/18/23: $25,977 | 4/24/23: $25,477","1565 West Ogden Avenue Naperville, IL 60540",Fair Deal|Home Delivery|Virtual Appointments|VIN: KNDPU3AF2P7042999,"2023, 8-Speed Automatic, 2.5L I4 16V PDI DOHC, Gasoline, 20 122 mi. | suv, Front-wheel Drive, Fusion Orange",Accidents or damage: None reported | Clean title: Yes | 1-owner vehicle: Yes | Personal use only: Yes,"ONLY 20122 MILES!, 1 OWNER CLEAN HISTORY REPORT, ACCIDENT FREE HISTORY, LOCAL TRADE, APPLE CARPLAY/ANDROID AUTO NAVIGATION, REAR BACKUP CAMERA, BLIND SPOT MONITOR, BLUETOOTH. Home of the No-Hassle Deal  Every Vehicle is Priced Up Front based on the KBB.com Price Advisor from Kelly|…|Blue Book.  Get an Instant Quote for your trade-in  Experience The Castle Difference... Free Vehicle Delivery (Up to 50 miles), 72-Hour Love it or Exchange it Policy and much more...  Fast, Free Vehicle Appraisals, Written Offer Valid For 3 Days! Price does not include tax, title, or doc fee of $324.24.  All vehicles sold on a first come, first serve basis.  By submitting your information you are authorizing us to be able to call, text, email you with additional information on this vehicle.  Price includes all applicable rebates: Rebates can not be combined with special APR offers. Options may vary as described due to automated processes. 2023 Kia Sportage LX Fusion Black FWD 8-Speed Automatic I4 25/32 City/Highway MPG 4D Sport Utility SHOP 100% ONLINE! EXPERIENCE THE CASTLE DIFFERENCE! Free Loaner Vehicles, 72 Hour Love it or Exchange it Policy, Free Vehicle Delivery Service within 50 miles, Ship anywhere in the US, Hassle-Free Online Purchase Experience. SHOP EASY, DRIVE HAPPY! Price does not include tax, title, doc fee of $347.26 or Dealer Added accessories such as LoJack GPS and Security System..",2023-05-01T08:03:34.000Z,cars.com scrapper,2023-05-03T22:26:45.376Z
SU874822A,2023 Kia Seltos SX,"$29,949","3/30/23: $32,600 | 4/06/23: $31,492 | 4/11/23: $31,687 | 4/19/23: $30,706 | 4/26/23: $29,949","6011 Pembroke Rd Hollywood, FL 33023",Fair Deal|CPO Warrantied|Home Delivery|Virtual Appointments|VIN: KNDETCA23P7404149|Included warranty,"2023, 7-Speed Automatic, 1.6L I4 16V GDI DOHC Turbo, Gasoline, 6 114 mi. | suv, All-wheel Drive, Gravity Gray",Accidents or damage: None reported | 1-owner vehicle: Yes | Personal use only: Yes,"2023 Kia Seltos SX Kia Certified, Remainder of Factory Warranty, Includes Warranty, NO DEALER FEE!, Clean AutoCheck!!, Local Trade, Good tires, Good brakes, Rear Back up Camera, Fully Detailed, Lane monitor assist, Apple Car Play Android Auto, Navigation GPS, Premium Sound, Lane Departure Warning Sy|…|stem, Non-Smoker, 4-Wheel Disc Brakes, 8 Speakers, ABS brakes, Air Conditioning, AM/FM radio: SiriusXM, Apple CarPlay & Android Auto, Auto High-beam Headlights, Auto-dimming Rear-View mirror, Automatic temperature control, Bumpers: body-color, Delay-off headlights, Driver door bin, Driver vanity mirror, Dual front impact airbags, Dual front side impact airbags, Emergency communication system: 911 Connect, Four wheel independent suspension, Front anti-roll bar, Front Bucket Seats, Front Center Armrest, Front fog lights, Fully automatic headlights, Heated door mirrors, Heated Front Bucket Seats, Heated front seats, Illuminated entry, Leather Shift Knob, Low tire pressure warning, Navigation System, Occupant sensing airbag, Outside temperature display, Overhead airbag, Overhead console, Panic alarm, Passenger vanity mirror, Power door mirrors, Power driver seat, Power steering, Power windows, Radio: AM/FM/MP3 Display Audio w/Navigation, Rear seat center armrest, Rear window defroster, Remote keyless entry, Roof rack: rails only, Security system, Sofino Premium Leatherette Seat Trim, Speed control, Speed-sensing steering, Split folding rear seat, Spoiler, Sport steering wheel, Steering wheel mounted audio controls, Tachometer, Tilt steering wheel, Traction control, Trip computer, Turn signal indicator mirrors. Certified. Kia Certified Pre-Owned Details:  Warranty Deductible: $50  Limited Warranty: 12 Month/12,000 Mile (whichever comes first) Platinum Coverage from certified purchase date  Includes Rental Car and Trip Interruption Reimbursement. 3 month Sirius trial subscription  Powertrain Limited Warranty: 120 Month/100,000 Mile (whichever comes first) from orig",2023-05-01T08:04:01.000Z,cars.com scrapper,2023-05-03T22:26:45.376Z
PS157393,2023 Chevrolet Equinox 1LT,"$28,322","3/31/23: $29,441 | 4/08/23: $28,991 | 4/16/23: $28,492 | 4/24/23: $28,322","6000 Tinker Diagonal Midwest City, OK 73110",Good Deal | $478 under|Home Delivery|Virtual Appointments|VIN: 3GNAXKEG0PS157393,"2023, 6-Speed Electronically Controlled Automatic with O, 1.5L I4 16V GDI DOHC Turbo, Gasoline, 1 145 mi. | suv, Front-wheel Drive, Sterling Gray Metallic",Accidents or damage: None reported | 1-owner vehicle: Yes | Personal use only: Yes,"Sterling Gray Metallic 2023 Chevrolet Equinox 4D Sport Utility LT 1.5L DOHC FWD 6-Speed Automatic Electronic with Overdrive Clean CARFAX. CARFAX One-Owner. Odometer is 1993 miles below market average! Confidence Convenience Package, Driver Confidence II Package (Front Rear Park Assist), Driver Conve|…|nience Package (Dual-Zone Automatic Climate Control, Heated Driver Front Passenger Seats, Rear Power Liftgate, Remote Start, and Wrapped Steering Wheel), Preferred Equipment Group 1LT, Side Blind Zone Rear Cross Traffic (Lane Change Alert w/Side Blind Zone Alert and Rear Cross Traffic Alert), 17' Aluminum Wheels, 18' Aluminum Wheels, 2 Rear USB Charging-Only Ports, 2 USB Ports Auxiliary Input Jack, 2-Way Power Driver Lumbar Control Seat Adjuster, 3.50 Final Drive Axle Ratio, 4-Wheel Disc Brakes, 6 Speakers, 6-Speaker Audio System Feature, ABS brakes, Air Conditioning, Alloy wheels, AM/FM radio: SiriusXM, Auto High-beam Headlights, Bluetooth For Phone, Brake assist, Bumpers: body-color, Compass, Delay-off headlights, Driver 8-Way Power Seat Adjuster, Driver door bin, Driver vanity mirror, Dual front impact airbags, Dual front side impact airbags, Electronic Stability Control, Emergency communication system: OnStar and Chevrolet connected services capable, Four wheel independent suspension, Front Rear Black Bowtie Emblems (LPO), Front anti-roll bar, Front Bucket Seats, Front Center Armrest, Front Passenger 4-Way Manual Seat Adjuster, Front reading lights, Fully automatic headlights, Heated door mirrors, Illuminated entry, Low tire pressure warning, Occupant sensing airbag, Outside temperature display, Overhead airbag, Overhead console, Panic alarm, Passenger door bin, Passenger vanity mirror, Power door mirrors, Power driver seat, Power steering, Power windows, Premium audio system: Chevrolet Infotainment 3, Premium Cloth Seat Trim, Radio data system, Radio: Chevrolet Infotainment 3 System w/AM/FM, Rear anti-roll bar, Rear reading lights, Rear seat center armrest, Rear wi",2023-05-01T08:03:49.000Z,cars.com scrapper,2023-05-03T22:26:45.376Z
220815A,2023 Buick Encore GX Select,"$25,475","10/12/22: $30,999 | 10/25/22: $29,971 | 11/01/22: $29,838 | 11/24/22: $29,000 | 12/08/22: $28,900 | 12/20/22: $28,500 | 12/27/22: $28,000 | 1/03/23: $28,594 | 1/10/23: $29,000 | 1/18/23: $28,890 | 1/24/23: $27,931 | 1/31/23: $27,689 | 2/08/23: $27,134 | 2/21/23: $27,000 | 2/28/23: $26,849 | 3/23/23: $26,577 | 4/04/23: $26,325 | 4/06/23: $25,996 | 4/11/23: $25,496","9440 S. Cicero Ave. Oak Lawn, IL 60453",Good Deal|Home Delivery|Virtual Appointments|VIN: KL4MMDS29PB021188,"2023, Automatic CVT, 1.2L I3 12V GDI DOHC Turbo, Gasoline, 1 261 mi. | suv, Front-wheel Drive, Moonstone Gray Metallic",Accidents or damage: None reported | 1-owner vehicle: Yes | Personal use only: Yes,"Get ready to experience an adventure like never before with the all-new 2023 Buick Encore GX Select! This low mileage, one-owner vehicle is here just for you. Are you a tech enthusiast who loves staying connected? The Encore GX Select has Apple CarPlay and Android Auto that allow you to easily stay|…|connected to your favorite apps both on and off the road. Plus, with Bluetooth, hands free power liftgate, enhanced performance audio systems, and moreyou'll be sure to take your trips to the next level! Additionally, if safety and convenience are important to youthis model comes equipped with a back up camera, automatic climate control, and 4 wheel disc brakes. All of these features are made even better when you hop inside this chic moonstone grey metallic beauty with power heated seats and cloth leatherette seat trim. Take a ride in the best of style around Chicagoland today while having peace of mind knowing this car is fully inspected! Don't wait any longer  head over to check out the 2023 Buick Encore GX Select now! LOW MILES - CARFAX ONE OWNER - POWER HEATED SEATS - POWER LIFTGATE - APPLE CARPLAY / ANDROID AUTO - BLUETOOTH - BACKK UP CAMERA - AUTOMATIC CLIMATE CONTROL - ENHANCED PERFORMANCE AUDIO SYSTEM - FULLY INSPECTED! 2023 Buick Encore GX Select ECOTEC 1.2L Turbo FWD Moonstone Gray Metallic Backup Camera, Bluetooth/HandsFree, Apple CarPlay/Android Auto, 18 Machined Aluminum Wheels, 2 USB Ports w/Auxiliary Input Jack, 4-Wheel Disc Brakes, 8-Way Power Driver Seat Adjuster, ABS brakes, Automatic temperature control, Cloth w/Leatherette Seat Trim, Delay-off headlights, Electronic Stability Control, Emergency communication system: OnStar and Buick connected services capable, Enhanced Performance 6-Speaker System, Front dual zone A/C, Front fog lights, Fully automatic headlights, Hands Free Power Liftgate, Hands-Free Power Liftgate Package, Heated Driver & Front Passenger Seats, Heated front seats, Lane Change Alert w/Side Blind Zone Alert, Panic alarm, Pr",2023-05-01T08:05:31.000Z,cars.com scrapper,2023-05-03T22:26:45.376Z
Y306862A,2023 Hyundai Santa Fe SE,"$26,962","2/09/23: $30,650 | 2/17/23: $30,550 | 2/23/23: $30,253 | 3/01/23: $30,066 | 3/07/23: $29,795 | 3/08/23: $29,553 | 3/15/23: $29,213 | 3/20/23: $29,113 | 3/27/23: $28,948 | 4/03/23: $28,527 | 4/07/23: $28,290 | 4/17/23: $28,078 | 4/25/23: $27,752 | 4/29/23: $26,962","3700 Sentara Way Virginia Beach, VA 23452","Great Deal | $1,905 under|Home Delivery|Virtual Appointments|VIN: 5NMS1DAJ3PH512978","2023, 8-Speed Automatic with SHIFTRONIC, 2.5L I4 16V PDI DOHC, Gasoline, 4 472 mi. | suv, All-wheel Drive, Shimmering Silver",Accidents or damage: None reported | 1-owner vehicle: Yes | Personal use only: Yes | Open recall: At least 1 open recall reported,"CARFAX One-Owner. 2023 Hyundai Santa Fe SE Clean Carfax, Local Trade, Clean Vehicle History  No Accidents, Service Records Available, Remainder of Factory Warranty Package Available, One Owner Vehicle, Santa Fe SE, AWD, Shimmering Silver, Black w/Stain-Resistant Cloth Seat Trim. Get to the finish l|…|ine first with Checkered Flag's unique haggle free car buying process! Our focus is to save you time, money and aggravation by offering a non commissioned sales staff that is focused on helping you find the least expensive car that best suits your needs. All of our vehicles come with a no questions asked 3 DAY MONEY BACK GUARANTEE! Vehicles don't last long at these prices!",2023-05-01T08:02:36.000Z,cars.com scrapper,2023-05-03T22:26:45.376Z
132432,2023 Nissan Altima 2.5 SV,"$22,999","3/22/23: $23,998 | 3/30/23: $23,699 | 4/12/23: $23,499 | 4/20/23: $22,999","1220 N Military Trl West Palm Beach, FL 33409",Good Deal|Home Delivery|Virtual Appointments|VIN: 1N4BL4DV1PN307130,"2023, Automatic, 2.5L I4 16V GDI DOHC, Gasoline, 8 751 mi. | sedan, Front-wheel Drive, Gun Metallic",Accidents or damage: None reported | 1-owner vehicle: Yes | Personal use only: No,"Carfax 1 Owner, BBB Accredited A+, We Accept Trade-Ins, FINANCING AVAILABLE!!, CarGurus TOP-RATED DEALER 2023, DealerRater 2023 DEALER OF THE YEAR, Usb Port, Tire Pressure Monitoring, Side Airbags, Satellite Radio Xm, Power Seats, Power Mirrors, Parking Sensors, Lane Depar|…|ture Warning, Keyless Entry, Keyless Start, Dual Zone Climate Control, Collision Prevention, Bluetooth, Blind Spot Monitoring, Back Up Camera, Auxiliary Power Outlet, Automatic Climate Control , Android Auto, Apple CarPlay.|2.5L 4 Cylinder Engine (188 hp @ 6000 rpm)|We offer the nations hig",2023-05-01T08:02:14.000Z,cars.com scrapper,2023-05-03T22:26:45.376Z
SPC553167,2023 Nissan Leaf SV PLUS,"$27,796","3/06/23: $29,999 | 4/05/23: $28,997 | 4/15/23: $27,896 | 4/18/23: $27,796","14060 S Tamiami Trl Fort Myers, FL 33912",Fair Deal|Home Delivery|Virtual Appointments|VIN: 1N4CZ1CV6PC553167,"2023, Automatic, Electric, Electric, 8 912 mi. | hatchback, Front-wheel Drive, Brilliant Silver Metallic",Accidents or damage: None reported | 1-owner vehicle: Yes | Personal use only: Yes,"Only 8,912 Miles! This Nissan LEAF boasts a Electric engine powering this Automatic transmission. BRILLIANT SILVER METALLIC, BLACK, CLOTH SEAT TRIM, [S92] SAFETY KIT -inc: first-aid kit and emergency kit.This Nissan LEAF Comes Equipped with These Options [M93] REAR CUPHOLDERS & STASH TRAY, [B93] S|…|PLASH GUARDS, Wheels: 17 Machined Finish Aluminum Alloy, Trip computer, Transmission: Single Speed Reducer, Torsion Beam Rear Suspension w/Coil Springs, Tires: 215/50R17 AS, Tire Specific Low Tire Pressure Warning, Tire mobility kit, Tailgate/Rear Door Lock Included w/Power Door Locks. Stop By Today Test drive this must-see, must-drive, must-own beauty today at Volkswagen of Fort Myers, 14060 S Tamiami Trl, Fort Myers, FL 33912.",2023-05-01T08:02:13.000Z,cars.com scrapper,2023-05-03T22:26:45.376Z
PM502514,2023 Mazda CX-30 Premium Package,"$29,470","2/28/23: $32,985 | 3/02/23: $31,910 | 3/04/23: $33,000 | 3/08/23: $32,540 | 3/09/23: $31,730 | 3/15/23: $31,400 | 3/18/23: $30,998 | 3/23/23: $30,680 | 3/26/23: $32,900 | 3/30/23: $32,570 | 4/04/23: $31,998 | 4/07/23: $31,510 | 4/09/23: $30,680 | 4/11/23: $30,340 | 4/16/23: $29,980 | 4/23/23: $29,775 | 4/29/23: $29,470","2008 Paxton St Harrisburg, PA 17111",Great Deal | $817 under|Home Delivery|Virtual Appointments|VIN: 3MVDMBDM2PM502514,"2023, 6-Speed Automatic, 2.5L I4 16V GDI DOHC, Gasoline, 263 mi. | suv, All-wheel Drive, Jet Black Mica",Accidents or damage: None reported | 1-owner vehicle: Yes | Personal use only: Yes,"Faulkner Honda is Central PA's #1 Certified Honda Dealer. We've got one of the largest inventories with competitive pricing! We are committed to providing our customers with vehicles that have the most complete service and reconditioning process.Jet Black Mica Non-Smoker!, AppLink/Apple CarPlay a|…|nd Android Auto, Automatic temperature control, Brake assist, Compass, Delay-off headlights, Electronic Stability Control, Emergency communication system: Mazda Connected Services (3-year trial subscription included), Exterior Parking Camera Rear, Front dual zone A/C, Fully automatic headlights, Heads-Up Display, Heated Front Bucket Seats, Heated front seats, Knee airbag, Leather Seat Trim, Leather steering wheel, MAZDA CONNECT Infotainment System, Memory seat, Navigation system: MAZDA CONNECT, Outside temperature display, Power door mirrors, Power driver seat, Power Liftgate, Power moonroof, Radio: AM/FM/HD Audio System w/Mazda Navigation, Speed control, Speed-sensing steering, Split folding rear seat, Steering wheel mounted audio controls, Telescoping steering wheel, Tilt steering wheel, Traction control, Wheels: 18 x 7J Aluminum Alloy.Clean CARFAX. CARFAX One-Owner. Faulkner Honda has earned the prestigious Honda Presidents Award again for 2020. This elite program is dedicated to recognizing the best Honda dealers in the country! It is also your assurance that you are visiting a dealership that places the highest value on you, the customer, as well as our employees and their families. Odometer is 1054 miles below market average! 26/33 City/Highway MPG",2023-05-01T08:06:36.000Z,cars.com scrapper,2023-05-03T22:26:45.376Z
9AM803R,2023 Hyundai Santa Cruz SEL,"$29,998","","8100 Lakeland Ave N Brooklyn Park, MN 55445","Great Deal | $1,215 under|Home Delivery|Virtual Appointments|VIN: 5NTJBDAE9PH046005","2023, Automatic, Regular Unleaded I-4 2.5 L/152, Gasoline (21–25 mpg), 3 003 mi. | pickup truck, All-wheel Drive, California Sand",Accidents or damage: None reported | 1-owner vehicle: Yes | Personal use only: No | Open recall: At least 1 open recall reported,"Only 3,000 Miles! Delivers 25 Highway MPG and 21 City MPG! Hyundai Certified Pre-Owned. Dealer Certified Pre-Owned. This Hyundai Santa Cruz delivers a Regular Unleaded I-4 2.5 L/152 engine powering this Automatic transmission. Front And Rear Anti-Roll Bars, OPTION GROUP 01  -inc: standard equipm|…|ent, MUDGUARDS.|This Hyundai Santa Cruz Features the Following Options|ENVELOP CARGO NET, CALIFORNIA SAND, BLACK, STAIN & ODOR RESISTANT CLOTH SEAT TRIM, BED CARGO NET, Wheels: 18\" x 7.5J Alloy, Wheels w/Machined w/Painted Accents Accents, Variable intermittent wipers, Urethane Gear Shifter Material, Turn-By-Turn Navigation Directions, Trip computer.|Need Another Reason to Buy?|As reported by the Manufacturer: Warranty Deductible: $50, 173+ Point Inspection, Powertrain Limited Warranty: 120 Month/100,000 Mile (whichever comes first) from original in-service date, Vehicle History, Roadside Assistance.|Stop By Today|A short visit to Walser Hyundai MN020 located at 8100 Lakeland Ave N, BROOKLYN PARK, MN 55445 can get you a trustworthy Santa Cruz today!|Transparent Upfront Price, One Person, Return & Exchange - Buy with Confidence.|MN Test Drive Delivery  All Walser branded MN locations offer a FREE new or used vehicle test drive delivery option for customers located in the twin cities metro area. Test drive delivery based on schedule availability and distance. Some exclusions apply. Message dealer for details.     MN Purchase Delivery  All Walser branded MN locations offer a FREE new or used vehicle home delivery option for customers located up to 100 miles from the selling dealership. Nationwide home delivery is available, please contact dealer for a personalized quote. Delivery availability may vary, some exclusions apply. Message dealer for details.|Why Buy From Walser Hyundai in Brooklyn Park?|WalserCare WarrantyFREE 10 Year/100,000 Mile Powertrain Warranty included with most Used Hyundais purchased from Walser Hyundai.|One Person. One Price. Fast & Easy!|One Person & One Price make for an extremely fast, easy & fun shopping experience.|Return & Exchange Guarantee|If your vehicle is not a perfect fit, just return it undamaged within 3 days/300 miles or exchange with 30 days/1,500 miles.|Walser To You|FREE Test Drive To You delivery option in the Twin Cities Metro Area & FREE Home Delivery within 100 miles. Nationwide delivery available.|Walser Gives Back|We donate 5% of pre-tax earnings back to the communities we live & work in via The Walser Foundation.",2023-05-01T08:03:39.000Z,cars.com scrapper,2023-05-03T22:26:45.376Z
N23322A,2023 Volkswagen Jetta 1.5T Sport,"$25,000","","8920 S Cicero Ave Oak Lawn, IL 60453",Good Deal|Hot Car|Home Delivery|Virtual Appointments|VIN: 3VWBM7BU3PM010984,"2023, 8-Speed Automatic, 1.5L I4 16V GDI DOHC Turbo, Gasoline, 1 083 mi. | sedan, Front-wheel Drive, Deep Black Pearl Effect",Accidents or damage: None reported | 1-owner vehicle: Yes | Personal use only: Yes,"CARFAX One-Owner. Clean CARFAX. Certified. Deep Black Pearl 2023 Volkswagen Jetta 1.5T Sport FWD 8-Speed Automatic with Tiptronic 1.5L I-4 DI DOHC Turbocharged Apple CarPlay, Android Auto, Bluetooth, Backup Camera, Blind Spot Monitoring, Front Assist Forward Collision Warning & Autonomous Emergency|…|Braking, Rear Traffic Alert, Titan Black w/Cloth Seat Trim. Check out this Deep Black Pearl 2023 Volkswagen Jetta for sale at our Volkswagen dealership in Oak Lawn, IL. We're a trusted car dealership in Oak Lawn, IL with a huge selection of quality pre-owned inventory. This particular Jetta has 1083 miles and is in exceptional condition condition. We perform a 100+ point inspection on every preowned vehicle we sell to ensure that you get a quality pre-owned vehicle. If you have any questions about financing or want to schedule a test drive for this Deep Black Pearl 2023 Volkswagen Jetta for sale, contact our dealership in Oak Lawn, IL today! Odometer is 3255 miles below market average! 29/40 City/Highway MPG Volkswagen Certified Pre-Owned Details:  Vehicle History  100+ Point Inspection  Roadside Assistance  Warranty Deductible: $50  For CPO Vehicles purchased on or after January 5, 2021: MY17 and older vehicles are eligible for a 2 year, 24,000 mile whichever occurs first, limited warranty. MY18 and MY19 vehicles are eligible for a 1 year, 12,000 mile whichever occurs first, limited warranty. MY2020+ vehicles are eligible for a 2 year, 24,000 mile whichever occurs first, limited warranty. 3 month SiriusXM Platinum Plan trial subscription.",2023-05-01T08:06:54.000Z,cars.com scrapper,2023-05-03T22:26:45.376Z
YL050937,2023 Hyundai Elantra HEV Limited,"$28,991","2/24/23: $30,550 | 4/25/23: $28,991","3180 Satellite Blvd Duluth, GA 30096","Great Deal | $6,785 under|Home Delivery|Virtual Appointments|VIN: KMHLN4AJ5PU050937","2023, 6-Speed DCT Automatic, 1.6L I4 16V GDI DOHC Hybrid, Hybrid, 3 405 mi. | sedan, Front-wheel Drive, Intense Blue",Accidents or damage: None reported | 1-owner vehicle: No | Personal use only: No,"Certified after a 173 point Inspection by a Master Certified Technician , you must present a printed copy of this page at the time of purchase., I4, 17 x 7.0J Alloy Wheels, 8 Speakers, ABS brakes, Air Conditioning, AppLink/Apple CarPlay and Android Auto, Auto High-beam Headlights, Auto-dimming|…|Rear-View mirror, Brake assist, Driver door bin, Dual front side impact airbags, Front anti-roll bar, Front Bucket Seats, Front dual zone A/C, Front reading lights, Fully automatic headlights, Heated & Ventilated Front Bucket Seats, Heated door mirrors, Illuminated entry, Leather Seat Trim, Low tire pressure warning, Memory seat, Occupant sensing airbag, Outside temperature display, Overhead airbag, Overhead console, Panic alarm, Passenger vanity mirror, Power door mirrors, Power driver seat, Power moonroof, Power windows, Radio: AM/FM/HD/SiriusXM Display Audio, Rear seat center armrest, Rear window defroster, Security system, Speed control, Speed-sensing steering, Split folding rear seat, Steering wheel mounted audio controls, Tachometer, Trip computer, Turn signal indicator mirrors. 2023 Hyundai Elantra Hybrid Limited Intense Blue Clean CARFAX. New Price! Certified. FWD Odometer is 2726 miles below market average! Hyundai Certified Pre-Owned Details:  Roadside Assistance  Warranty Deductible: $50  Vehicle History  Powertrain Limited Warranty: 120 Month/100,000 Mile (whichever comes first) from original in-service date  Includes 10-year/Unlimited mileage Roadside Assistance with Rental Car and Trip Interruption Reimbursement; Please see dealers for specific vehicle eligibility requirements. 10-Year/100,000 Mile Hybrid/EV Battery Warranty. 3 months Siru-iusXM trial subscription  173+ Point Inspection  Limited Warranty: 60 Month/60,000 Mile (whichever comes first) from original in-service date 49/52 City/Highway MPG",2023-05-01T08:04:22.000Z,cars.com scrapper,2023-05-03T22:26:45.376Z
Y1306,2023 Mitsubishi Eclipse Cross SE,"$29,233","3/24/23: $30,482 | 3/25/23: $29,632 | 4/21/23: $29,233","10800 Eagle Way Hopkinsville, KY 42240",Good Deal|Home Delivery|Virtual Appointments|VIN: JA4ATWAA4PZ001089,"2023, Automatic CVT, 1.5L I4 16V GDI DOHC Turbo, Gasoline, 5 968 mi. | suv, Four-wheel Drive, Alloy Silver Metallic",Accidents or damage: None reported | 1-owner vehicle: Yes | Personal use only: Yes,"Recent Arrival! White's Auto Mall Nissan is pleased to offer this 2023 Mitsubishi Eclipse Cross SE in Alloy Silver Metallic with Black w/Synthetic Suede Seating Surfaces. This Eclipse Cross is very well equipped with Panoramic Sunroof Package, Panoramic Sunroof Package (P1) (Black Roof Rails and Pow|…|er Panoramic Sunroof), Welcome Package (Cargo Mat, Carpeted Floor Mats & Portfolio, and Touch Up Paint Pen), 4D Sport Utility, 1.5L I4 DI Turbocharged DOHC 16V LEV3-ULEV70 152hp, CVT, 4WD, ABS brakes, Alloy wheels, Android Auto & Apple CarPlay, Automatic temperature control, Electronic Stability Control, Emergency communication system, Front dual zone A/C, Front fog lights, Fully automatic headlights, Heated door mirrors, Heated Front Bucket Seats, Illuminated entry, Low tire pressure warning, Navigation System, Power driver seat, Radio: AM/FM 8.0 Nav System w/Smartphone-Link, Remote keyless entry, Spoiler, Steering wheel mounted audio controls, Synthetic Suede Seating Surfaces, and Traction control. CARFAX One-Owner. Clean CARFAX. ADVERTISED PRICE INCLUDES A NO COST LIFETIME POWERTRAIN WARRANTY!",2023-05-01T08:02:23.000Z,cars.com scrapper,2023-05-03T22:26:45.376Z
902173A,2023 Volkswagen Jetta 1.5T Sport,"$24,402","","1951 N. Rand Road Palatine, IL 60074",Good Deal | $173 under|Home Delivery|Virtual Appointments|VIN: 3VWBM7BU8PM016229,"2023, 8-Speed Automatic, 1.5L I4 16V GDI DOHC Turbo, Gasoline, 228 mi. | sedan, Front-wheel Drive, Deep Black Pearl Effect",Accidents or damage: None reported | Clean title: Yes | 1-owner vehicle: Yes | Personal use only: Yes,"You can rely on WAG Motors family to provide a premium experience and unique value with each transaction. Your business is important and you can count on us to handle it as such now and in the future. We always offer exceptional leases and very flexible financing plans as low as 0% APR! We will wor|…|k with you regardless of past credit history with trained specialists in store to serve your needs. Our inventory is constantly updating, contact our showroom if you don't see exactly what you want, if we don't have it, well get it! Other values on in-store manager specials, loaners, demo's and late model used vehicles are available in-store to save you more! You may qualify for additional manufacturer incentives on your new vehicle, our staff will be happy to research for you on your visit to our showroom. Top value is paid for your trade in here at Weck Auto Group! We are as competitive as any offering you will find in the market, give us the opportunity to earn your business!  actual APR and loan terms depend on many factors such as vehicle age, amount financed, and individual credit. See dealer for details. All pricing includes all cash incentives; tax, title and license is additional.",2023-05-01T08:06:15.000Z,cars.com scrapper,2023-05-03T22:26:45.376Z
041119,2023 Kia Sportage EX,"$29,123","4/01/23: $29,832 | 4/14/23: $29,453 | 4/17/23: $29,123","1101 E Fletcher Ave Tampa, FL 33612",Good Deal|Home Delivery|Virtual Appointments|VIN: 5XYK33AF7PG041119,"2023, 8-Speed Automatic, 2.5L I4 16V PDI DOHC, Gasoline, 7 713 mi. | suv, Front-wheel Drive, Glacial White Pearl",Accidents or damage: None reported | 1-owner vehicle: Yes | Personal use only: Yes,"NATIONWIDE LIFETIME WARRANTY!! FREE HOME DELIVERY UP TO 75 MILES!! Sportage EX, 4D Sport Utility, I4, 8-Speed Automatic, FWD, Glacial White Pearl, Black Artificial Leather, One Owner Clean Carfax Certified, Clean Carfax Certified, One Owner Carfax Certified, Carfax Certified, Balance of Factory Warr|…|anty, Backup Camera, Blind Spot, Alloys, Navigation System. Glacial White Pearl Sportage EX FWD 8-Speed Automatic I4 25/32 City/Highway MPG TOYOTA OF TAMPA BAY ADVANTAGE At Toyota of Tampa Bay, you receive exclusive features and benefits to both enhance and protect your vehicle. From protective coatings for you paint, headlights, and interior surfaces such as surface sanitation to nitrogen tire service and roadside assistance, we provide you the MOST VALUE for your money. GUARANTEED! (See dealer for more details) Toyota of Tampa Bay near Brandon and Wesley Capel is a full-service dealership that offers a wide variety of services to our visitors and guests. Just one visit and you'll see just how dedicated we are to your complete satisfaction. We have a friendly and knowledgeable staff ready to help you every step of the way. Whether it's sales, service, body shop or financing, you'll always get the attention you deserve from Toyota of Tampa Bay. Call or Text us at (813) 534-5197 to confirm availability and schedule a no-obligation test drive! We are located at 1101 E Fletcher Ave Tampa, FL 33612. Fast, Friendly, Fair & Fun! Final vehicle sale price subject to safety inspection costs, certification costs and repair order costs. All offers are mutually exclusive. All vehicles subject to prior sale. See dealer for complete details.",2023-05-01T08:04:36.000Z,cars.com scrapper,2023-05-03T22:26:45.376Z
6015820,2023 Mitsubishi Outlander ES,"$29,899","","3600 Kietzke Ln Reno, NV 89502",Great Deal | $768 under|Home Delivery|Virtual Appointments|VIN: JA4J4TA83PZ015820,"2023, Automatic CVT, 2.5L I4 16V GDI DOHC, Gasoline, 2 684 mi. | suv, Four-wheel Drive, Alloy Silver Metallic",Accidents or damage: None reported | 1-owner vehicle: Yes | Personal use only: Yes,"Recent Arrival! This Mitsubishi Outlander is well equipped and includes these key features and benefits, Collision Avoidance System, Collision Warning System, Blind-Spot Monitors, Lane Keeping Assist, Touchscreen Controls, Backup Camera, Keyless Access with Push Button Start, Automatic Headlights, A|…|pple CarPlay, Android Auto, Voice Recognition, Bluetooth Hands-Free, All Wheel Drive, Carpeted Floor Mats, Paint Pen (Body Color), Tray Mat, Welcome Package. CARFAX One-Owner. Available at Corwin Ford Reno located at the South End of Kietzke Lane. 2023 Mitsubishi Outlander ES 4WD 2.5L 4-Cylinder DOHC Alloy Silver Metallic/Black Roof Certified. Certification Program Details: Ford Blue Advantage: Blue Certified  139 Point Inspection  Transferable Warranty  Vehicle History  Warranty Deductible: $100  Roadside Assistance  Limited Warranty: 3 Month/4,000 Mile (whichever comes first) after new car warranty expires or from certified purchase date  and 11,000 FordPass Rewards Points to use toward first maintenance visit See us today at Corwin Ford Reno or call us at (775) 329-8800. Family owned for over 100 years! Excellent selection of New and Used vehicles, Financing options. Serving Reno, Carson City, Sparks, the North Valleys, Spanish Springs, Verdi, Virginia City, the Carson Valley, and Northern Nevada. All Prices plus applicable sales tax, and a license, smog, and documentary service fee of $572.25 will be added to sales price or capitalized cost of the vehicle. One vehicle unless otherwise noted and subject to prior sale without notice. While supplies last. EPA mileage estimates are for newly manufactured vehicles only. Your actual mileage will vary depending on how you drive and maintain your vehicle.",2023-05-01T08:02:16.000Z,cars.com scrapper,2023-05-03T22:26:45.376Z
HH570628A,2023 Kia Forte GT,"$26,496","","5406 Target Dr Nashville, TN 37013",Good Deal | $225 under|Home Delivery|Virtual Appointments|VIN: 3KPF44AC1PE557385,"2023, Automatic, 1.6L I4 16V GDI DOHC Turbo, Gasoline, 965 mi. | sedan, Front-wheel Drive, Steel Gray",Accidents or damage: At least 1 accident or damage reported | 1-owner vehicle: No | Personal use only: Yes,"27/35 City/Highway MPG TURBO, HEATED SEATS, LEATHER SEATS, SMART KEY PUSH BUTTON START, Forte GT, 4D Sedan, 1.6L 4-Cylinder, 7-Speed Automatic, FWD, Steel Gray, Black Cloth. Recent Arrival! Clean CARFAX. CARFAX One-Owner.Kia Forte 27/35 City/Highway MPG GTYour Nashville TN Kia Dealer!!! Selling New|…|Kia and quality Pre-Owned vehicles. Looking for a specific vehicle? Let us find it for you. Proudly Serving Nashville, Antioch, Brentwood, Franklin, Cool Springs, Madison, Murfreesboro, Hendersonville, Mount Juliet, Spring Hill, Gallatin, Smyrna, Lebanon, Springfield, Oak Hill, Forest Hill, and Columbia.  Contactless Purchase,  Free Home Drop-off ,  Free Test Drive at Home ,  Private Dealership Appointments ,  Virtual Appointments  ,  Custom Online Financing .",2023-05-01T08:06:29.000Z,cars.com scrapper,2023-05-03T22:26:45.376Z
F00839A,2023 Mitsubishi Mirage G4 Black Edition,"$19,800","","2626 W Main St Trooper, PA 19403",Home Delivery|Virtual Appointments|VIN: ML32FUFJ4PHF00839,"2023, Automatic CVT, 1.2L I3 12V MPFI DOHC, Gasoline, 16 mi. | sedan, Front-wheel Drive, Mercury Gray",Accidents or damage: None reported | 1-owner vehicle: Yes | Personal use only: Yes,"===== VEHICLE OVERVIEW =====The 2023 Mitsubishi Mirage is one of the lowest-priced cars on sale today, and it shows. But the Mirage does have a few things going for it aside from its low base price. For one, it gets exceptional fuel economy. It also, surprisingly, offers Apple CarPlay and Android Au|…|to smartphone integration as standard.   Impressive fuel economy  Long warranty  One of the least expensive cars on sale===== FEATURES =====   Automatic headlights  Rain sensing wipers  15 black alloy wheel  Trunk spoiler  Black side mirror caps  Red grille accents  Red cloth insert door trim  Carbon style window switch panels  Leather-wrapped steering wheel with red stitches  Leather-wrapped shift knob with red stitches  Piano black interior console and vent trim  Black lug nuts and wheel locks",2023-05-01T08:01:13.000Z,cars.com scrapper,2023-05-03T22:26:45.376Z
U5927,2023 Honda Civic Sport,"$29,536","","1220 Versailles Rd Frankfort, KY 40601",Good Deal|VIN: 2HGFE2F57PH513392,"2023, Automatic CVT, 2.0L I4 16V GDI DOHC, Gasoline, 3 476 mi. | sedan, Front-wheel Drive, Rallye Red",Accidents or damage: None reported | 1-owner vehicle: Yes | Personal use only: Yes,"Recent Arrival! Rallye Red 2023 Honda Civic Sport 4D Sedan FWD 2.0L I4 DOHC 16V i-VTEC CVT CARFAX One-Owner. NO ACCIDENTS ON CARFAX, REAR BACK UP CAMERA, PUSH BUTTON START, 3 YEARS COMPLIMENTARY MAINTENANCE INCLUDED, ASK ABOUT OUR LOW FINANCING OPTIONS, ASK ABOUT OUR EXTENDED WARRANTY OPT|…|IONS. 30/37 City/Highway MPG NOT LOCAL? LET US SEND YOU A CUSTOM VIDEO PRESENTATION OF THIS VEHICLE! Please call us or visit our website. This car is priced competitively using our EXCLUSIVE HUFFMAN VALUE PRICING, guaranteeing you a NO HAGGLE/ REAL-TIME market value price. In other words, we will NOT artificially inflate our prices by thousands of dollars in hopes of winning a negotiating contest with our customers. We give you our BEST price up front, with NO back-and-forth negotiating. This vehicle comes with the HUFFMAN PLATINUM PLAN WARRANTY providing peace of mind for the first 90 days or 3,000 miles of ownership. 3 YEARS COMPLIMENTARY MAINTENANCE INCLUDED with purchase! At the Neil Huffman Automotive Group, you have seven (7) days or one hundred and fifty (150) miles (whichever comes first) to make sure you like the vehicle, or you may exchange it for another vehicle of equal or greater value. All trade-ins are welcome. We'll buy your car even if you don't buy ours!",2023-05-01T08:01:53.000Z,cars.com scrapper,2023-05-03T22:26:45.376Z
I368797,2023 Kia Seltos S,"$23,500","3/20/23: $25,421 | 3/23/23: $24,600 | 4/03/23: $25,662 | 4/07/23: $24,500 | 4/11/23: $24,000 | 4/19/23: $24,500 | 4/27/23: $23,500","11337 N. Florida Ave Tampa, FL 33612",Good Deal|Home Delivery|Virtual Appointments|VIN: KNDEU2AA1P7368797,"2023, Automatic CVT, 2.0L I4 16V MPFI DOHC, Gasoline, 6 206 mi. | suv, Front-wheel Drive, Mars Orange",Accidents or damage: None reported | 1-owner vehicle: Yes | Personal use only: Yes,"CLEAN CARFAX NO ACCIDENTS REPORTED AND ONE OWNER VEHICLE, REMAINDER OF FACTORY WARRANTY AVAILABLE, SERVICE RECORDS AVAILABLE, APPLE CARPLAY / GOOGLE ANDROID AUTO, BLUETOOTH PHONE CONNECTIVITY, BLUETOOTH TECH WITH STREAMING, ACTIVE DRIVING ASSIST SYSTEM, BLIND SPOT MONITOR, FORWARD COLLISION ALERT, L|…|ANE CHANGE ALERT, LANE KEEP ASSIST WITH LANE DEPARTURE, REAR VISION BACK-UP CAMERA, REAR CROSS-TRAFFIC ALERT, AUTOMATIC EMERGENCY BRAKING WITH PEDESTRIAN DETECTION, KEYLESS GO/ PUSH BUTTON START, KEYLESS ENTER-N-GO, REMOTE ENGINE START, REMOTE KEYLESS ENTRY, 8 TOUCHSCREEN DISPLAY, SMART PHONE INTEGRATIONVOLKSWAGEN OF NORTH TAMPASeltos S, 4D Sport Utility, 2.0L I4 MPI, IVT, FWD, Mars Orange, Black w/Cloth & Sofino Premium Leatherette Seat Trim, 6 Speakers, ABS brakes, Auto High-beam Headlights, Automatic temperature control, Brake assist, Delay-off headlights, Electronic Stability Control, Front fog lights, Fully automatic headlights, Heated door mirrors, Illuminated entry, Leather Shift Knob, Low tire pressure warning, Panic alarm, Rear window wiper, Security system, Steering wheel mounted audio controls, Telescoping steering wheel, Tilt steering wheel, Variably intermittent wipers, Wheels: 17 Alloy w/Dark Gray Finish.No Payments for 90 Days / 3 Months (subject to credit approval, terms and conditions apply)2023 Kia Seltos S FWD IVT 2.0L I4 MPI29/35 City/Highway MPGCome visit us at Volkswagen of North Tampa, conveniently located at11337 North Florida Ave. Tampa, FL 33612(813)931-2811All of our pre-owned inventory goes through our state of the art repair and reconditioning facility to ensure you get the best pre-owned and certified pre-owned vehicles in the market. We offer the lowest prices, lowest rates and premium customer service in Tampa. Come see us today!!!",2023-05-01T08:04:35.000Z,cars.com scrapper,2023-05-03T22:26:45.376Z
